Date;Price
44561,00;46219.5
44560,00;47123.3
44559,00;46461.7
44558,00;47545.2
44557,00;50678.2
44556,00;50779.9
44555,00;50406.4
44554,00;50786.1
44553,00;50801.0
44552,00;48599.7
44551,00;48902.0
44550,00;46895.2
44549,00;46704.5
44548,00;46856.2
44547,00;46172.2
44546,00;47628.2
44545,00;48871.5
44544,00;48366.5
44543,00;46703.6
44542,00;50081.0
44541,00;49314.5
44540,00;47137.2
44539,00;47596.6
44538,00;50473.9
44537,00;50595.2
44536,00;50562.1
44535,00;49405.5
44534,00;49195.2
44533,00;53631.5
44532,00;56496.0
44531,00;57210.3
44530,00;56882.9
44529,00;57794.8
44528,00;57291.5
44527,00;54765.9
44526,00;53730.9
44525,00;58935.1
44524,00;57171.7
44523,00;57573.2
44522,00;56308.8
44521,00;58714.3
44520,00;59717.6
44519,00;58083.4
44518,00;56955.3
44517,00;60367.8
44516,00;60089.1
44515,00;63597.9
44514,00;65508.2
44513,00;64398.6
44512,00;64134.5
44511,00;64806.7
44510,00;64932.6
44509,00;66904.4
44508,00;67527.9
44507,00;63273.2
44506,00;61483.9
44505,00;60974.3
44504,00;61412.6
44503,00;62918.5
44502,00;63221.7
44501,00;60915.3
44500,00;61309.6
44499,00;61840.1
44498,00;62242.8
44497,00;60582.5
44496,00;58438.1
44495,00;60310.8
44494,00;63067.0
44493,00;60866.5
44492,00;61312.5
44491,00;60690.3
44490,00;62210.2
44489,00;65979.1
44488,00;64278.5
44487,00;62056.3
44486,00;61527.5
44485,00;60861.1
44484,00;61672.5
44483,00;57345.8
44482,00;57380.1
44481,00;56015.9
44480,00;57477.3
44479,00;54687.7
44478,00;54942.5
44477,00;53914.7
44476,00;53783.9
44475,00;55323.2
44474,00;51469.3
44473,00;49227.3
44472,00;48200.1
44471,00;47666.9
44470,00;48146.0
44469,00;43823.3
44468,00;41536.8
44467,00;41022.3
44466,00;42172.6
44465,00;43203.4
44464,00;42686.8
44463,00;42819.9
44462,00;44869.2
44461,00;43551.6
44460,00;40651.3
44459,00;42870.6
44458,00;47238.7
44457,00;48306.7
44456,00;47282.8
44455,00;47748.0
44454,00;48130.6
44453,00;47077.5
44452,00;44949.5
44451,00;46062.3
44450,00;45161.9
44449,00;44842.8
44448,00;46385.6
44447,00;46061.4
44446,00;46779.6
44445,00;52672.1
44444,00;51768.6
44443,00;49918.4
44442,00;49999.0
44441,00;49274.3
44440,00;48819.4
44439,00;47130.4
44438,00;46992.7
44437,00;48777.4
44436,00;48897.1
44435,00;49064.3
44434,00;46831.6
44433,00;48994.5
44432,00;47714.7
44431,00;49539.7
44430,00;49254.5
44429,00;48875.8
44428,00;49324.0
44427,00;46755.9
44426,00;44723.8
44425,00;44691.6
44424,00;45996.3
44423,00;46991.3
44422,00;47081.5
44421,00;47809.1
44420,00;44403.4
44419,00;45564.3
44418,00;45593.8
44417,00;46284.3
44416,00;43792.8
44415,00;44614.2
44414,00;42795.4
44413,00;40867.2
44412,00;39736.9
44411,00;38130.3
44410,00;39168.4
44409,00;39878.3
44408,00;41553.7
44407,00;42203.4
44406,00;40001.4
44405,00;40003.2
44404,00;39452.0
44403,00;37276.6
44402,00;35391.1
44401,00;33824.8
44400,00;33603.3
44399,00;32298.9
44398,00;32131.4
44397,00;29793.8
44396,00;30837.2
44395,00;31785.4
44394,00;31518.6
44393,00;31394.0
44392,00;31840.5
44391,00;32820.7
44390,00;32728.1
44389,00;33113.0
44388,00;34227.7
44387,00;33510.6
44386,00;33797.4
44385,00;32866.3
44384,00;33867.8
44383,00;34225.6
44382,00;33687.8
44381,00;35298.2
44380,00;34742.8
44379,00;33813.4
44378,00;33543.6
44377,00;35026.9
44376,00;35834.7
44375,00;34475.9
44374,00;34678.5
44373,00;32243.4
44372,00;31594.0
44371,00;34665.8
44370,00;33674.3
44369,00;32496.4
44368,00;31692.0
44367,00;35595.8
44366,00;35513.4
44365,00;35749.4
44364,00;38052.0
44363,00;38336.0
44362,00;40156.1
44361,00;40529.4
44360,00;39022.9
44359,00;35467.5
44358,00;37314.6
44357,00;36649.4
44356,00;37332.2
44355,00;33382.9
44354,00;33578.0
44353,00;35815.4
44352,00;35520.0
44351,00;36851.3
44350,00;39187.3
44349,00;37555.8
44348,00;36687.6
44347,00;37298.6
44346,00;35652.8
44345,00;34584.6
44344,00;35662.5
44343,00;38417.3
44342,00;39249.2
44341,00;38378.3
44340,00;38750.6
44339,00;34679.7
44338,00;37448.3
44337,00;37297.4
44336,00;40717.2
44335,00;36720.5
44334,00;42897.3
44333,00;43541.3
44332,00;46426.4
44331,00;46708.8
44330,00;49839.8
44329,00;49704.6
44328,00;49384.2
44327,00;56695.7
44326,00;55848.9
44325,00;58238.3
44324,00;58840.1
44323,00;57337.2
44322,00;56405.4
44321,00;57441.3
44320,00;53741.5
44319,00;57169.8
44318,00;56603.8
44317,00;57807.1
44316,00;57720.3
44315,00;53560.8
44314,00;54841.4
44313,00;55036.5
44312,00;54020.5
44311,00;48963.6
44310,00;50088.9
44309,00;51143.6
44308,00;51729.5
44307,00;53820.2
44306,00;56483.2
44305,00;55646.1
44304,00;56207.1
44303,00;60041.9
44302,00;61379.7
44301,00;63216.0
44300,00;62980.4
44299,00;63540.9
44298,00;59863.8
44297,00;59978.7
44296,00;59748.4
44295,00;58118.7
44294,00;58077.4
44293,00;55948.7
44292,00;57996.3
44291,00;58993.4
44290,00;58199.9
44289,00;57059.9
44288,00;58977.3
44287,00;58718.3
44286,00;58763.7
44285,00;58771.3
44284,00;57616.2
44283,00;55765.2
44282,00;55862.9
44281,00;55036.1
44280,00;51322.3
44279,00;52325.4
44278,00;54452.5
44277,00;54158.3
44276,00;57383.8
44275,00;58093.4
44274,00;58088.0
44273,00;57656.0
44272,00;58913.5
44271,00;56889.7
44270,00;55791.3
44269,00;59113.7
44268,00;61195.3
44267,00;57265.1
44266,00;57799.5
44265,00;55851.9
44264,00;54879.0
44263,00;52311.0
44262,00;50982.3
44261,00;48855.6
44260,00;48792.5
44259,00;48428.0
44258,00;50395.1
44257,00;48424.2
44256,00;49595.5
44255,00;45164.0
44254,00;46136.7
44253,00;46345.6
44252,00;46928.5
44251,00;49697.5
44250,00;48911.2
44249,00;54111.8
44248,00;57433.8
44247,00;55923.7
44246,00;55906.6
44245,00;51582.2
44244,00;52079.2
44243,00;49169.7
44242,00;47936.3
44241,00;48643.4
44240,00;47168.7
44239,00;47371.7
44238,00;47990.7
44237,00;44836.0
44236,00;46508.6
44235,00;46395.7
44234,00;38852.9
44233,00;39256.6
44232,00;38297.6
44231,00;36982.1
44230,00;37646.8
44229,00;35485.2
44228,00;33515.7
44227,00;33108.1
44226,00;34283.1
44225,00;34301.8
44224,00;33374.8
44223,00;30404.0
44222,00;32502.1
44221,00;32252.3
44220,00;32241.3
44219,00;32088.9
44218,00;33000.5
44217,00;30842.1
44216,00;35476.3
44215,00;36002.9
44214,00;36613.2
44213,00;35839.6
44212,00;36019.5
44211,00;36845.8
44210,00;39175.7
44209,00;37382.2
44208,00;34076.1
44207,00;35544.3
44206,00;38192.2
44205,00;40151.9
44204,00;40599.3
44203,00;39460.2
44202,00;36793.2
44201,00;33991.5
44200,00;32022.6
44199,00;32958.9
44198,00;32193.3
44197,00;29359.9
44196,00;28949.4
44195,00;28868.7
44194,00;27376.0
44193,00;27057.8
44192,00;26261.3
44191,00;26454.4
44190,00;24689.6
44189,00;23736.5
44188,00;23257.9
44187,00;23823.2
44186,00;22728.5
44185,00;23474.9
44184,00;23844.0
44183,00;23127.9
44182,00;22825.4
44181,00;21352.2
44180,00;19434.9
44179,00;19273.8
44178,00;19176.8
44177,00;18808.9
44176,00;18023.6
44175,00;18247.2
44174,00;18546.0
44173,00;18326.6
44172,00;19170.7
44171,00;19379.9
44170,00;19146.5
44169,00;18658.1
44168,00;19433.3
44167,00;19218.8
44166,00;18770.7
44165,00;19698.1
44164,00;18185.5
44163,00;17730.7
44162,00;17127.1
44161,00;17162.0
44160,00;18723.0
44159,00;19152.6
44158,00;18379.6
44157,00;18412.9
44156,00;18687.2
44155,00;18675.2
44154,00;17803.5
44153,00;17774.6
44152,00;17662.3
44151,00;16715.8
44150,00;15953.0
44149,00;16071.0
44148,00;16324.2
44147,00;16294.7
44146,00;15695.8
44145,00;15303.6
44144,00;15327.2
44143,00;15483.7
44142,00;14828.4
44141,00;15577.9
44140,00;15587.1
44139,00;14145.6
44138,00;14019.9
44137,00;13561.4
44136,00;13759.4
44135,00;13797.3
44134,00;13559.9
44133,00;13457.2
44132,00;13278.9
44131,00;13657.8
44130,00;13061.6
44129,00;13032.2
44128,00;13117.2
44127,00;12934.1
44126,00;12974.6
44125,00;12808.7
44124,00;11913.5
44123,00;11753.4
44122,00;11506.9
44121,00;11362.1
44120,00;11322.0
44119,00;11503.0
44118,00;11420.4
44117,00;11423.8
44116,00;11533.9
44115,00;11371.0
44114,00;11298.4
44113,00;11054.2
44112,00;10924.1
44111,00;10670.9
44110,00;10602.6
44109,00;10789.5
44108,00;10672.9
44107,00;10544.2
44106,00;10572.3
44105,00;10620.5
44104,00;10776.1
44103,00;10840.9
44102,00;10693.2
44101,00;10776.2
44100,00;10727.9
44099,00;10688.8
44098,00;10739.4
44097,00;10237.3
44096,00;10531.5
44095,00;10416.8
44094,00;10921.5
44093,00;11081.8
44092,00;10933.0
44091,00;10941.3
44090,00;10949.5
44089,00;10785.3
44088,00;10675.3
44087,00;10326.0
44086,00;10441.9
44085,00;10390.2
44084,00;10339.7
44083,00;10224.6
44082,00;10126.6
44081,00;10376.9
44080,00;10296.4
44079,00;10092.2
44078,00;10472.5
44077,00;10168.8
44076,00;11413.3
44075,00;11914.9
44074,00;11644.2
44073,00;11702.0
44072,00;11468.1
44071,00;11527.4
44070,00;11327.4
44069,00;11462.3
44068,00;11324.8
44067,00;11753.5
44066,00;11641.6
44065,00;11661.3
44064,00;11529.2
44063,00;11856.9
44062,00;11750.2
44061,00;11947.6
44060,00;12282.6
44059,00;11899.0
44058,00;11845.3
44057,00;11750.8
44056,00;11770.9
44055,00;11557.2
44054,00;11390.4
44053,00;11889.2
44052,00;11681.2
44051,00;11764.3
44050,00;11592.0
44049,00;11757.1
44048,00;11735.1
44047,00;11184.7
44046,00;11224.4
44045,00;11066.8
44044,00;11803.1
44043,00;11333.4
44042,00;11096.2
44041,00;11105.9
44040,00;10908.5
44039,00;11022.8
44038,00;9932.5
44037,00;9704.1
44036,00;9546.4
44035,00;9599.6
44034,00;9513.7
44033,00;9387.3
44032,00;9162.4
44031,00;9208.0
44030,00;9170.2
44029,00;9155.8
44028,00;9135.3
44027,00;9198.7
44026,00;9253.4
44025,00;9243.6
44024,00;9300.8
44023,00;9233.3
44022,00;9285.1
44021,00;9235.7
44020,00;9429.9
44019,00;9256.0
44018,00;9339.0
44017,00;9081.0
44016,00;9134.4
44015,00;9067.1
44014,00;9085.1
44013,00;9229.9
44012,00;9135.4
44011,00;9185.4
44010,00;9124.0
44009,00;9008.3
44008,00;9160.0
44007,00;9247.5
44006,00;9302.0
44005,00;9624.6
44004,00;9683.7
44003,00;9296.4
44002,00;9358.8
44001,00;9314.0
44000,00;9388.1
43999,00;9464.6
43998,00;9523.5
43997,00;9425.4
43996,00;9345.3
43995,00;9471.3
43994,00;9466.6
43993,00;9283.2
43992,00;9878.8
43991,00;9768.8
43990,00;9777.9
43989,00;9742.6
43988,00;9669.6
43987,00;9631.2
43986,00;9794.4
43985,00;9667.2
43984,00;9527.6
43983,00;10189.3
43982,00;9454.8
43981,00;9692.5
43980,00;9424.8
43979,00;9572.2
43978,00;9199.1
43977,00;8842.5
43976,00;8898.2
43975,00;8728.2
43974,00;9177.0
43973,00;9169.7
43972,00;9059.0
43971,00;9512.3
43970,00;9773.3
43969,00;9730.7
43968,00;9677.7
43967,00;9379.5
43966,00;9318.0
43965,00;9778.4
43964,00;9298.7
43963,00;8813.8
43962,00;8579.8
43961,00;8738.8
43960,00;9554.6
43959,00;9806.2
43958,00;9979.8
43957,00;9151.4
43956,00;9001.0
43955,00;8874.7
43954,00;8885.5
43953,00;8966.3
43952,00;8821.6
43951,00;8629.0
43950,00;8770.9
43949,00;7746.9
43948,00;7766.0
43947,00;7678.9
43946,00;7540.4
43945,00;7503.8
43944,00;7488.5
43943,00;7112.9
43942,00;6842.5
43941,00;6833.5
43940,00;7122.9
43939,00;7230.8
43938,00;7035.8
43937,00;7085.6
43936,00;6629.1
43935,00;6850.9
43934,00;6841.3
43933,00;6917.6
43932,00;6867.8
43931,00;6863.1
43930,00;7289.0
43929,00;7361.2
43928,00;7185.2
43927,00;7332.3
43926,00;6772.7
43925,00;6857.4
43924,00;6735.9
43923,00;6800.5
43922,00;6638.5
43921,00;6412.5
43920,00;6391.0
43919,00;5890.4
43918,00;6233.7
43917,00;6373.4
43916,00;6725.1
43915,00;6678.9
43914,00;6744.6
43913,00;6468.9
43912,00;5822.1
43911,00;6186.2
43910,00;6205.3
43909,00;6172.0
43908,00;5361.4
43907,00;5261.1
43906,00;5030.0
43905,00;5366.3
43904,00;5182.7
43903,00;5584.3
43902,00;4826.0
43901,00;7935.1
43900,00;7891.2
43899,00;7933.0
43898,00;8034.1
43897,00;8887.8
43896,00;9134.8
43895,00;9060.3
43894,00;8757.9
43893,00;8761.4
43892,00;8904.8
43891,00;8540.0
43890,00;8543.7
43889,00;8697.5
43888,00;8818.6
43887,00;8800.3
43886,00;9317.2
43885,00;9662.7
43884,00;9942.7
43883,00;9655.7
43882,00;9684.5
43881,00;9602.4
43880,00;9609.4
43879,00;10158.4
43878,00;9701.4
43877,00;9932.3
43876,00;9907.7
43875,00;10333.0
43874,00;10235.1
43873,00;10317.7
43872,00;10229.5
43871,00;9854.1
43870,00;10151.5
43869,00;9895.5
43868,00;9818.6
43867,00;9772.0
43866,00;9611.8
43865,00;9193.9
43864,00;9296.6
43863,00;9334.9
43862,00;9381.6
43861,00;9349.1
43860,00;9507.3
43859,00;9298.9
43858,00;9377.3
43857,00;8866.6
43856,00;8607.8
43855,00;8341.6
43854,00;8439.9
43853,00;8405.1
43852,00;8678.5
43851,00;8732.6
43850,00;8641.9
43849,00;8706.2
43848,00;8916.3
43847,00;8913.1
43846,00;8726.9
43845,00;8818.3
43844,00;8829.2
43843,00;8111.4
43842,00;8187.6
43841,00;8024.1
43840,00;8187.1
43839,00;7842.4
43838,00;8059.6
43837,00;8155.7
43836,00;7759.1
43835,00;7372.5
43834,00;7376.8
43833,00;7343.1
43832,00;6967.0
43831,00;7199.8
43830,00;7196.4
43829,00;7261.8
43828,00;7397.5
43827,00;7321.5
43826,00;7261.7
43825,00;7210.9
43824,00;7224.8
43823,00;7268.3
43822,00;7322.8
43821,00;7495.8
43820,00;7156.2
43819,00;7196.4
43818,00;7165.5
43817,00;7276.0
43816,00;6613.3
43815,00;6903.5
43814,00;7128.5
43813,00;7080.8
43812,00;7255.2
43811,00;7208.0
43810,00;7208.0
43809,00;7235.7
43808,00;7355.8
43807,00;7524.4
43806,00;7510.9
43805,00;7530.8
43804,00;7399.2
43803,00;7204.4
43802,00;7291.8
43801,00;7298.2
43800,00;7396.4
43799,00;7546.6
43798,00;7742.7
43797,00;7426.7
43796,00;7510.6
43795,00;7162.8
43794,00;7115.6
43793,00;6924.7
43792,00;7324.1
43791,00;7272.5
43790,00;7627.9
43789,00;8099.3
43788,00;8145.7
43787,00;8208.4
43786,00;8509.8
43785,00;8497.3
43784,00;8476.3
43783,00;8661.2
43782,00;8783.1
43781,00;8812.6
43780,00;8736.9
43779,00;9036.8
43778,00;8804.5
43777,00;8778.2
43776,00;9223.5
43775,00;9338.9
43774,00;9310.8
43773,00;9396.4
43772,00;9198.3
43771,00;9300.6
43770,00;9230.1
43769,00;9152.6
43768,00;9157.9
43767,00;9411.3
43766,00;9207.2
43765,00;9529.6
43764,00;9230.6
43763,00;8658.3
43762,00;7422.7
43761,00;7477.0
43760,00;8031.4
43759,00;8208.2
43758,00;8223.4
43757,00;7957.3
43756,00;7948.5
43755,00;8073.3
43754,00;8000.4
43753,00;8167.2
43752,00;8353.3
43751,00;8281.5
43750,00;8304.4
43749,00;8267.8
43748,00;8562.3
43747,00;8566.7
43746,00;8182.9
43745,00;8198.6
43744,00;7881.9
43743,00;8127.3
43742,00;8148.1
43741,00;8226.9
43740,00;8364.1
43739,00;8302.7
43738,00;8284.3
43737,00;8049.1
43736,00;8208.5
43735,00;8184.9
43734,00;8063.8
43733,00;8432.4
43732,00;8513.9
43731,00;9702.2
43730,00;10031.6
43729,00;9993.0
43728,00;10172.7
43727,00;10250.5
43726,00;10164.7
43725,00;10195.7
43724,00;10255.5
43723,00;10311.5
43722,00;10337.3
43721,00;10342.1
43720,00;10415.1
43719,00;10162.5
43718,00;10105.4
43717,00;10309.0
43716,00;10402.8
43715,00;10461.1
43714,00;10309.3
43713,00;10566.9
43712,00;10568.2
43711,00;10612.3
43710,00;10348.8
43709,00;9729.3
43708,00;9594.4
43707,00;9585.4
43706,00;9491.0
43705,00;9729.4
43704,00;10184.8
43703,00;10371.8
43702,00;10136.3
43701,00;10131.0
43700,00;10388.7
43699,00;10105.0
43698,00;10141.5
43697,00;10752.6
43696,00;10910.7
43695,00;10312.7
43694,00;10218.1
43693,00;10335.6
43692,00;10303.4
43691,00;10049.4
43690,00;10892.9
43689,00;11394.2
43688,00;11517.2
43687,00;11314.5
43686,00;12089.8
43685,00;12191.6
43684,00;12013.9
43683,00;11480.9
43682,00;11816.8
43681,00;10934.6
43680,00;10815.7
43679,00;10520.1
43678,00;10380.0
43677,00;10082.0
43676,00;9580.7
43675,00;9580.9
43674,00;9727.8
43673,00;9492.1
43672,00;9831.0
43671,00;9945.3
43670,00;9804.3
43669,00;9888.7
43668,00;10412.5
43667,00;10714.4
43666,00;10826.7
43665,00;10571.5
43664,00;10651.4
43663,00;9723.2
43662,00;9424.8
43661,00;10845.9
43660,00;10200.1
43659,00;11364.9
43658,00;11762.1
43657,00;11342.3
43656,00;12110.6
43655,00;12541.5
43654,00;12252.6
43653,00;11415.9
43652,00;11268.0
43651,00;10970.2
43650,00;11163.1
43649,00;11900.8
43648,00;10835.9
43647,00;10616.6
43646,00;10818.6
43645,00;11906.5
43644,00;12409.1
43643,00;11287.8
43642,00;13063.8
43641,00;11809.9
43640,00;11046.4
43639,00;10897.1
43638,00;10721.7
43637,00;10179.3
43636,00;9517.0
43635,00;9255.4
43634,00;9080.6
43633,00;9318.8
43632,00;8962.5
43631,00;8812.5
43630,00;8656.1
43629,00;8219.0
43628,00;8133.1
43627,00;7888.0
43626,00;7987.8
43625,00;7635.0
43624,00;7901.4
43623,00;7985.2
43622,00;7784.9
43621,00;7779.1
43620,00;7685.5
43619,00;8124.8
43618,00;8728.6
43617,00;8545.7
43616,00;8558.3
43615,00;8271.9
43614,00;8647.8
43613,00;8716.3
43612,00;8760.1
43611,00;8630.2
43610,00;8027.4
43609,00;7970.1
43608,00;7852.1
43607,00;7635.7
43606,00;7930.3
43605,00;7965.3
43604,00;8157.2
43603,00;7262.6
43602,00;7359.5
43601,00;7871.8
43600,00;8164.6
43599,00;7994.6
43598,00;7806.0
43597,00;6984.8
43596,00;7190.3
43595,00;6386.0
43594,00;6191.5
43593,00;5990.3
43592,00;5849.5
43591,00;5745.1
43590,00;5774.9
43589,00;5830.9
43588,00;5766.8
43587,00;5493.8
43586,00;5384.2
43585,00;5320.8
43584,00;5235.0
43583,00;5302.3
43582,00;5265.9
43581,00;5298.3
43580,00;5209.1
43579,00;5415.6
43578,00;5511.6
43577,00;5346.7
43576,00;5243.5
43575,00;5290.2
43574,00;5241.0
43573,00;5264.7
43572,00;5208.3
43571,00;5180.9
43570,00;5032.3
43569,00;5134.8
43568,00;5051.8
43567,00;5054.2
43566,00;5022.6
43565,00;5307.8
43564,00;5158.4
43563,00;5245.2
43562,00;5173.6
43561,00;5046.2
43560,00;5010.2
43559,00;4902.4
43558,00;4968.7
43557,00;4859.3
43556,00;4145.1
43555,00;4102.3
43554,00;4111.8
43553,00;4102.2
43552,00;4025.6
43551,00;4041.7
43550,00;3942.8
43549,00;3937.0
43548,00;3994.7
43547,00;4002.5
43546,00;3990.4
43545,00;3982.2
43544,00;4041.2
43543,00;4017.0
43542,00;3990.2
43541,00;3981.5
43540,00;4006.4
43539,00;3924.3
43538,00;3879.0
43537,00;3865.1
43536,00;3886.0
43535,00;3870.3
43534,00;3915.2
43533,00;3944.3
43532,00;3865.9
43531,00;3875.1
43530,00;3863.0
43529,00;3857.2
43528,00;3715.9
43527,00;3809.5
43526,00;3823.1
43525,00;3821.9
43524,00;3816.6
43523,00;3814.6
43522,00;3810.3
43521,00;3833.7
43520,00;3755.2
43519,00;4120.4
43518,00;3965.2
43517,00;3936.6
43516,00;3972.4
43515,00;3914.3
43514,00;3896.0
43513,00;3664.2
43512,00;3616.8
43511,00;3604.7
43510,00;3592.6
43509,00;3611.5
43508,00;3632.0
43507,00;3631.8
43506,00;3679.0
43505,00;3661.4
43504,00;3661.7
43503,00;3397.7
43502,00;3404.3
43501,00;3468.4
43500,00;3462.8
43499,00;3459.1
43498,00;3502.5
43497,00;3467.9
43496,00;3437.2
43495,00;3460.0
43494,00;3414.8
43493,00;3442.8
43492,00;3555.6
43491,00;3570.9
43490,00;3572.0
43489,00;3574.3
43488,00;3561.5
43487,00;3580.1
43486,00;3536.7
43485,00;3542.3
43484,00;3677.8
43483,00;3605.6
43482,00;3626.4
43481,00;3588.0
43480,00;3571.3
43479,00;3638.1
43478,00;3490.2
43477,00;3597.2
43476,00;3616.5
43475,00;3603.7
43474,00;3978.0
43473,00;3971.0
43472,00;3985.9
43471,00;4004.1
43470,00;3785.4
43469,00;3802.7
43468,00;3780.1
43467,00;3873.8
43466,00;3809.4
43465,00;3709.4
43464,00;3815.0
43463,00;3706.8
43462,00;3861.6
43461,00;3586.9
43460,00;3793.7
43459,00;3762.5
43458,00;4026.1
43457,00;3944.4
43456,00;3964.4
43455,00;3850.9
43454,00;4076.0
43453,00;3687.1
43452,00;3668.0
43451,00;3526.1
43450,00;3247.9
43449,00;3228.7
43448,00;3247.8
43447,00;3315.3
43446,00;3466.1
43445,00;3407.7
43444,00;3460.5
43443,00;3567.5
43442,00;3430.4
43441,00;3422.2
43440,00;3508.6
43439,00;3771.6
43438,00;3958.5
43437,00;3897.8
43436,00;4160.4
43435,00;4196.2
43434,00;4039.7
43433,00;4296.5
43432,00;4265.4
43431,00;3866.5
43430,00;3837.0
43429,00;4062.2
43428,00;3920.4
43427,00;4398.0
43426,00;4356.0
43425,00;4638.7
43424,00;4524.6
43423,00;4883.8
43422,00;5658.3
43421,00;5621.8
43420,00;5636.2
43419,00;5718.9
43418,00;5842.4
43417,00;6429.2
43416,00;6435.0
43415,00;6446.1
43414,00;6427.1
43413,00;6412.0
43412,00;6474.0
43411,00;6565.3
43410,00;6502.8
43409,00;6459.7
43408,00;6478.2
43407,00;6386.2
43406,00;6424.7
43405,00;6400.5
43404,00;6365.9
43403,00;6325.7
43402,00;6335.0
43401,00;6486.1
43400,00;6494.2
43399,00;6510.0
43398,00;6507.0
43397,00;6530.7
43396,00;6528.7
43395,00;6555.8
43394,00;6583.0
43393,00;6572.2
43392,00;6512.0
43391,00;6574.1
43390,00;6686.6
43389,00;6705.3
43388,00;6699.8
43387,00;6326.8
43386,00;6321.7
43385,00;6291.3
43384,00;6239.1
43383,00;6618.0
43382,00;6650.8
43381,00;6669.6
43380,00;6611.0
43379,00;6596.3
43378,00;6639.1
43377,00;6584.2
43376,00;6507.8
43375,00;6549.9
43374,00;6608.2
43373,00;6635.2
43372,00;6603.9
43371,00;6636.0
43370,00;6689.2
43369,00;6468.1
43368,00;6445.1
43367,00;6584.1
43366,00;6704.1
43365,00;6729.6
43364,00;6766.7
43363,00;6489.2
43362,00;6390.4
43361,00;6342.0
43360,00;6251.9
43359,00;6500.2
43358,00;6519.0
43357,00;6483.7
43356,00;6482.9
43355,00;6338.0
43354,00;6293.9
43353,00;6321.0
43352,00;6238.5
43351,00;6184.3
43350,00;6390.9
43349,00;6514.0
43348,00;6706.8
43347,00;7377.5
43346,00;7264.2
43345,00;7293.9
43344,00;7189.6
43343,00;7033.8
43342,00;6993.7
43341,00;7029.1
43340,00;7074.6
43339,00;6897.6
43338,00;6712.7
43337,00;6734.8
43336,00;6680.4
43335,00;6521.2
43334,00;6359.6
43333,00;6482.2
43332,00;6268.1
43331,00;6481.5
43330,00;6379.1
43329,00;6581.7
43328,00;6306.7
43327,00;6256.9
43326,00;6190.2
43325,00;6255.3
43324,00;6313.0
43323,00;6231.6
43322,00;6152.3
43321,00;6538.8
43320,00;6283.6
43319,00;6724.9
43318,00;6943.6
43317,00;7027.1
43316,00;7014.3
43315,00;7419.0
43314,00;7535.6
43313,00;7606.4
43312,00;7729.4
43311,00;8177.1
43310,00;8215.6
43309,00;8234.1
43308,00;8187.4
43307,00;7937.0
43306,00;8173.7
43305,00;8407.0
43304,00;7723.0
43303,00;7412.3
43302,00;7408.7
43301,00;7339.4
43300,00;7477.5
43299,00;7383.6
43298,00;7322.0
43297,00;6729.9
43296,00;6362.9
43295,00;6254.8
43294,00;6230.2
43293,00;6250.6
43292,00;6389.1
43291,00;6307.2
43290,00;6667.1
43289,00;6714.8
43288,00;6765.5
43287,00;6617.7
43286,00;6546.5
43285,00;6598.4
43284,00;6513.5
43283,00;6619.5
43282,00;6366.8
43281,00;6398.9
43280,00;6213.3
43279,00;5883.5
43278,00;6154.9
43277,00;6082.1
43276,00;6256.6
43275,00;6154.6
43274,00;6167.3
43273,00;6055.7
43272,00;6728.0
43271,00;6765.4
43270,00;6752.4
43269,00;6719.8
43268,00;6460.3
43267,00;6505.8
43266,00;6410.3
43265,00;6647.1
43264,00;6312.3
43263,00;6558.2
43262,00;6885.9
43261,00;6775.1
43260,00;7515.8
43259,00;7622.1
43258,00;7697.8
43257,00;7661.0
43256,00;7631.5
43255,00;7504.3
43254,00;7729.3
43253,00;7646.6
43252,00;7530.8
43251,00;7502.6
43250,00;7400.1
43249,00;7467.7
43248,00;7119.3
43247,00;7366.7
43246,00;7361.3
43245,00;7477.7
43244,00;7592.9
43243,00;7512.3
43242,00;8006.0
43241,00;8403.3
43240,00;8529.0
43239,00;8245.1
43238,00;8245.7
43237,00;8063.0
43236,00;8344.4
43235,00;8477.0
43234,00;8674.1
43233,00;8693.5
43232,00;8459.5
43231,00;8408.3
43230,00;9025.7
43229,00;9319.1
43228,00;9196.4
43227,00;9431.6
43226,00;9656.4
43225,00;9853.5
43224,00;9708.6
43223,00;9749.7
43222,00;9243.2
43221,00;9074.9
43220,00;9245.1
43219,00;9415.1
43218,00;9352.4
43217,00;8940.9
43216,00;9287.0
43215,00;8873.1
43214,00;9645.3
43213,00;8952.8
43212,00;8806.7
43211,00;8923.1
43210,00;8867.0
43209,00;8290.8
43208,00;8178.4
43207,00;7908.6
43206,00;8070.0
43205,00;8363.6
43204,00;8004.4
43203,00;7887.4
43202,00;7926.6
43201,00;6962.1
43200,00;6854.8
43199,00;6781.9
43198,00;7030.5
43197,00;6905.7
43196,00;6624.3
43195,00;6782.0
43194,00;6808.9
43193,00;7424.2
43192,00;7068.4
43191,00;6825.2
43190,00;6938.2
43189,00;6853.7
43188,00;7129.2
43187,00;7954.9
43186,00;7801.7
43185,00;8143.5
43184,00;8473.2
43183,00;8547.4
43182,00;8916.8
43181,00;8726.2
43180,00;8905.9
43179,00;8912.6
43178,00;8616.8
43177,00;8201.2
43176,00;7874.9
43175,00;8289.2
43174,00;8264.4
43173,00;8210.6
43172,00;9154.9
43171,00;9137.4
43170,00;9529.6
43169,00;8762.0
43168,00;9217.0
43167,00;9300.0
43166,00;9902.9
43165,00;10675.1
43164,00;11330.6
43163,00;11416.5
43162,00;11402.3
43161,00;10827.7
43160,00;10904.5
43159,00;10333.9
43158,00;10594.4
43157,00;10285.1
43156,00;9585.2
43155,00;9704.3
43154,00;10170.4
43153,00;9841.7
43152,00;10473.0
43151,00;11238.7
43150,00;11169.4
43149,00;10398.8
43148,00;11073.5
43147,00;10178.7
43146,00;10037.3
43145,00;9476.3
43144,00;8539.2
43143,00;8903.5
43142,00;8081.9
43141,00;8559.6
43140,00;8699.8
43139,00;8164.2
43138,00;7594.7
43137,00;7701.2
43136,00;6938.5
43135,00;8222.2
43134,00;9241.1
43133,00;8893.2
43132,00;9181.1
43131,00;10265.4
43130,00;10166.0
43129,00;11244.8
43128,00;11795.1
43127,00;11467.5
43126,00;11118.1
43125,00;11203.0
43124,00;11452.3
43123,00;10903.2
43122,00;10864.8
43121,00;11594.9
43120,00;12858.9
43119,00;11580.2
43118,00;11245.4
43117,00;11192.3
43116,00;11362.0
43115,00;13697.5
43114,00;13695.2
43113,00;14292.2
43112,00;13886.7
43111,00;13535.4
43110,00;15043.0
43109,00;14778.5
43108,00;14976.2
43107,00;16228.2
43106,00;17172.3
43105,00;16954.8
43104,00;15180.1
43103,00;15156.6
43102,00;14754.1
43101,00;13444.9
43100,00;13850.4
43099,00;12531.5
43098,00;14392.6
43097,00;14398.7
43096,00;15416.6
43095,00;15756.6
43094,00;13833.5
43093,00;13790.0
43092,00;14396.5
43091,00;13665.0
43090,00;15632.1
43089,00;16462.0
43088,00;17523.7
43087,00;18972.3
43086,00;19065.7
43085,00;19345.5
43084,00;17604.8
43083,00;16467.9
43082,00;16286.8
43081,00;17083.9
43080,00;16732.5
43079,00;15059.6
43078,00;14843.4
43077,00;16047.6
43076,00;16850.3
43075,00;13749.6
43074,00;11667.1
43073,00;11623.9
43072,00;11246.2
43071,00;10912.7
43070,00;10861.5
43069,00;9946.8
43068,00;9837.9
43067,00;9906.0
43066,00;9733.2
43065,00;9318.4
43064,00;8754.7
43063,00;8200.8
43062,00;8013.4
43061,00;8234.5
43060,00;8100.0
43059,00;8244.7
43058,00;8042.6
43057,00;7780.9
43056,00;7700.0
43055,00;7853.7
43054,00;7283.2
43053,00;6597.1
43052,00;6522.5
43051,00;5878.1
43050,00;6339.9
43049,00;6565.8
43048,00;7129.6
43047,00;7444.4
43046,00;7102.8
43045,00;6959.2
43044,00;7389.5
43043,00;7363.8
43042,00;7152.1
43041,00;7024.8
43040,00;6737.8
43039,00;6451.2
43038,00;6124.3
43037,00;6147.5
43036,00;5726.6
43035,00;5764.6
43034,00;5887.6
43033,00;5734.0
43032,00;5513.1
43031,00;5903.6
43030,00;5982.9
43029,00;6006.6
43028,00;5993.1
43027,00;5698.6
43026,00;5575.8
43025,00;5598.6
43024,00;5759.3
43023,00;5688.1
43022,00;5824.7
43021,00;5637.3
43020,00;5432.6
43019,00;4824.2
43018,00;4763.4
43017,00;4777.5
43016,00;4611.7
43015,00;4435.8
43014,00;4371.9
43013,00;4321.4
43012,00;4218.7
43011,00;4314.2
43010,00;4401.3
43009,00;4403.1
43008,00;4360.6
43007,00;4172.8
43006,00;4195.6
43005,00;4212.2
43004,00;3892.7
43003,00;3932.8
43002,00;3667.5
43001,00;3788.0
43000,00;3600.8
42999,00;3617.3
42998,00;3882.2
42997,00;3908.0
42996,00;4100.3
42995,00;3689.6
42994,00;3698.9
42993,00;3713.8
42992,00;3243.1
42991,00;3870.3
42990,00;4158.9
42989,00;4217.9
42988,00;4245.9
42987,00;4335.1
42986,00;4326.5
42985,00;4635.6
42984,00;4618.7
42983,00;4409.1
42982,00;4267.5
42981,00;4612.9
42980,00;4573.8
42979,00;4921.9
42978,00;4735.1
42977,00;4583.0
42976,00;4597.3
42975,00;4390.3
42974,00;4345.8
42973,00;4352.3
42972,00;4364.4
42971,00;4318.4
42970,00;4141.1
42969,00;4089.7
42968,00;4005.1
42967,00;4066.6
42966,00;4150.5
42965,00;4105.4
42964,00;4278.9
42963,00;4387.4
42962,00;4161.7
42961,00;4327.9
42960,00;4062.6
42959,00;3871.6
42958,00;3654.4
42957,00;3425.7
42956,00;3348.8
42955,00;3429.4
42954,00;3401.9
42953,00;3232.0
42952,00;3262.8
42951,00;2878.5
42950,00;2810.0
42949,00;2720.5
42948,00;2747.0
42947,00;2883.3
42946,00;2766.5
42945,00;2733.5
42944,00;2806.8
42943,00;2691.9
42942,00;2559.2
42941,00;2582.6
42940,00;2763.4
42939,00;2756.6
42938,00;2836.5
42937,00;2675.1
42936,00;2866.0
42935,00;2282.6
42934,00;2320.2
42933,00;2233.4
42932,00;1914.1
42931,00;1975.1
42930,00;2234.2
42929,00;2362.4
42928,00;2403.1
42927,00;2324.3
42926,00;2344.0
42925,00;2511.4
42924,00;2564.9
42923,00;2513.9
42922,00;2614.2
42921,00;2627.9
42920,00;2617.3
42919,00;2572.5
42918,00;2536.5
42917,00;2424.6
42916,00;2480.6
42915,00;2558.4
42914,00;2577.7
42913,00;2583.8
42912,00;2446.1
42911,00;2541.6
42910,00;2590.1
42909,00;2710.4
42908,00;2722.8
42907,00;2677.6
42906,00;2754.4
42905,00;2616.8
42904,00;2539.6
42903,00;2655.1
42902,00;2508.6
42901,00;2442.5
42900,00;2467.3
42899,00;2713.0
42898,00;2656.8
42897,00;2973.4
42896,00;2900.3
42895,00;2811.4
42894,00;2798.8
42893,00;2691.5
42892,00;2870.5
42891,00;2705.0
42890,00;2524.1
42889,00;2545.4
42888,00;2492.6
42887,00;2412.6
42886,00;2303.3
42885,00;2192.6
42884,00;2278.2
42883,00;2189.0
42882,00;2052.4
42881,00;2244.9
42880,00;2307.2
42879,00;2445.3
42878,00;2272.6
42877,00;2124.4
42876,00;2044.2
42875,00;2040.2
42874,00;1962.0
42873,00;1881.0
42872,00;1801.3
42871,00;1729.3
42870,00;1708.9
42869,00;1772.6
42868,00;1763.7
42867,00;1686.4
42866,00;1819.3
42865,00;1752.3
42864,00;1697.5
42863,00;1664.5
42862,00;1554.4
42861,00;1545.3
42860,00;1507.8
42859,00;1516.8
42858,00;1485.6
42857,00;1445.9
42856,00;1415.8
42855,00;1351.9
42854,00;1336.3
42853,00;1329.6
42852,00;1332.9
42851,00;1286.6
42850,00;1264.3
42849,00;1248.2
42848,00;1249.1
42847,00;1240.9
42846,00;1249.6
42845,00;1238.1
42844,00;1215.2
42843,00;1206.1
42842,00;1194.0
42841,00;1176.8
42840,00;1177.0
42839,00;1177.3
42838,00;1176.2
42837,00;1212.5
42836,00;1220.7
42835,00;1206.7
42834,00;1204.3
42833,00;1180.8
42832,00;1190.5
42831,00;1188.7
42830,00;1129.9
42829,00;1141.8
42828,00;1147.6
42827,00;1097.4
42826,00;1086.1
42825,00;1079.1
42824,00;1037.9
42823,00;1041.9
42822,00;1044.4
42821,00;1045.1
42820,00;969.4
42819,00;966.3
42818,00;939.7
42817,00;1035.0
42816,00;1044.7
42815,00;1121.3
42814,00;1047.5
42813,00;1022.6
42812,00;971.4
42811,00;1071.7
42810,00;1172.9
42809,00;1253.4
42808,00;1243.1
42807,00;1238.2
42806,00;1225.1
42805,00;1179.2
42804,00;1112.4
42803,00;1191.3
42802,00;1147.0
42801,00;1232.7
42800,00;1277.0
42799,00;1271.2
42798,00;1264.3
42797,00;1283.3
42796,00;1255.5
42795,00;1222.7
42794,00;1189.3
42793,00;1188.8
42792,00;1171.6
42791,00;1149.1
42790,00;1176.5
42789,00;1171.9
42788,00;1120.5
42787,00;1119.0
42786,00;1077.6
42785,00;1048.9
42784,00;1052.3
42783,00;1049.4
42782,00;1031.9
42781,00;1008.2
42780,00;1008.3
42779,00;995.4
42778,00;996.5
42777,00;1008.3
42776,00;997.6
42775,00;979.0
42774,00;1055.5
42773,00;1049.6
42772,00;1024.7
42771,00;1016.1
42770,00;1031.8
42769,00;1013.0
42768,00;1004.0
42767,00;982.4
42766,00;965.5
42765,00;920.7
42764,00;914.5
42763,00;918.5
42762,00;918.0
42761,00;915.6
42760,00;894.4
42759,00;893.8
42758,00;921.5
42757,00;918.8
42756,00;919.8
42755,00;892.9
42754,00;895.2
42753,00;872.0
42752,00;899.7
42751,00;827.3
42750,00;821.2
42749,00;819.6
42748,00;824.8
42747,00;810.1
42746,00;785.4
42745,00;904.4
42744,00;899.8
42743,00;900.9
42742,00;888.9
42741,00;886.2
42740,00;989.3
42739,00;1135.4
42738,00;1033.3
42737,00;1017.0
42736,00;995.4
42735,00;963.4
42734,00;959.0
42733,00;971.1
42732,00;972.2
42731,00;925.8
42730,00;898.4
42729,00;891.1
42728,00;891.1
42727,00;917.2
42726,00;860.2
42725,00;829.2
42724,00;799.1
42723,00;789.8
42722,00;789.0
42721,00;787.2
42720,00;782.0
42719,00;775.2
42718,00;776.5
42717,00;778.7
42716,00;778.5
42715,00;767.9
42714,00;774.0
42713,00;770.5
42712,00;768.5
42711,00;765.6
42710,00;758.2
42709,00;754.3
42708,00;766.4
42707,00;764.2
42706,00;770.9
42705,00;752.6
42704,00;742.5
42703,00;732.6
42702,00;733.3
42701,00;729.4
42700,00;734.1
42699,00;740.4
42698,00;735.3
42697,00;741.1
42696,00;749.3
42695,00;736.2
42694,00;728.5
42693,00;747.9
42692,00;747.0
42691,00;737.5
42690,00;740.3
42689,00;711.1
42688,00;704.6
42687,00;702.0
42686,00;704.3
42685,00;715.0
42684,00;714.6
42683,00;721.4
42682,00;710.9
42681,00;705.4
42680,00;709.9
42679,00;702.1
42678,00;702.1
42677,00;684.9
42676,00;733.5
42675,00;726.8
42674,00;698.7
42673,00;697.3
42672,00;715.0
42671,00;686.2
42670,00;682.3
42669,00;674.7
42668,00;651.0
42667,00;650.5
42666,00;653.0
42665,00;655.5
42664,00;630.5
42663,00;628.3
42662,00;629.1
42661,00;635.3
42660,00;637.4
42659,00;640.1
42658,00;637.0
42657,00;637.9
42656,00;635.6
42655,00;636.0
42654,00;640.5
42653,00;617.3
42652,00;615.8
42651,00;617.7
42650,00;616.0
42649,00;611.0
42648,00;611.8
42647,00;609.0
42646,00;611.6
42645,00;610.7
42644,00;613.4
42643,00;608.1
42642,00;604.7
42641,00;604.7
42640,00;605.5
42639,00;606.5
42638,00;601.5
42637,00;602.6
42636,00;602.9
42635,00;595.6
42634,00;597.2
42633,00;609.2
42632,00;609.8
42631,00;610.7
42630,00;607.1
42629,00;607.8
42628,00;608.1
42627,00;609.5
42626,00;608.6
42625,00;608.0
42624,00;605.6
42623,00;624.5
42622,00;623.2
42621,00;625.6
42620,00;613.2
42619,00;610.4
42618,00;605.8
42617,00;609.5
42616,00;598.8
42615,00;575.3
42614,00;572.0
42613,00;573.9
42612,00;577.3
42611,00;574.2
42610,00;575.0
42609,00;570.3
42608,00;579.4
42607,00;578.0
42606,00;579.7
42605,00;583.6
42604,00;587.5
42603,00;580.7
42602,00;582.6
42601,00;574.6
42600,00;573.4
42599,00;572.3
42598,00;580.2
42597,00;567.0
42596,00;569.1
42595,00;584.6
42594,00;587.1
42593,00;587.8
42592,00;590.9
42591,00;585.3
42590,00;589.2
42589,00;590.8
42588,00;586.5
42587,00;574.7
42586,00;576.2
42585,00;566.4
42584,00;513.4
42583,00;607.0
42582,00;621.9
42581,00;654.7
42580,00;655.4
42579,00;654.1
42578,00;654.5
42577,00;654.4
42576,00;654.0
42575,00;659.3
42574,00;655.2
42573,00;651.1
42572,00;664.6
42571,00;664.4
42570,00;671.1
42569,00;670.4
42568,00;676.3
42567,00;660.7
42566,00;664.2
42565,00;657.3
42564,00;661.2
42563,00;670.6
42562,00;646.7
42561,00;647.1
42560,00;651.8
42559,00;662.8
42558,00;635.3
42557,00;672.7
42556,00;663.7
42555,00;675.2
42554,00;661.6
42553,00;698.1
42552,00;674.6
42551,00;670.0
42550,00;636.5
42549,00;644.9
42548,00;644.7
42547,00;625.4
42546,00;663.5
42545,00;656.9
42544,00;620.8
42543,00;590.6
42542,00;667.4
42541,00;734.0
42540,00;761.0
42539,00;753.8
42538,00;743.9
42537,00;761.2
42536,00;690.8
42535,00;685.1
42534,00;700.1
42533,00;666.5
42532,00;591.6
42531,00;577.9
42530,00;574.7
42529,00;580.5
42528,00;575.6
42527,00;583.6
42526,00;574.9
42525,00;572.0
42524,00;567.0
42523,00;537.1
42522,00;537.4
42521,00;528.9
42520,00;532.3
42519,00;516.0
42518,00;524.2
42517,00;474.0
42516,00;453.3
42515,00;449.8
42514,00;446.1
42513,00;443.7
42512,00;439.6
42511,00;443.6
42510,00;442.1
42509,00;442.7
42508,00;454.2
42507,00;453.3
42506,00;454.9
42505,00;458.1
42504,00;456.4
42503,00;455.4
42502,00;454.4
42501,00;452.5
42500,00;449.4
42499,00;460.4
42498,00;457.9
42497,00;458.5
42496,00;459.6
42495,00;448.1
42494,00;445.8
42493,00;450.3
42492,00;444.2
42491,00;452.2
42490,00;448.5
42489,00;455.0
42488,00;448.5
42487,00;447.0
42486,00;466.0
42485,00;461.7
42484,00;457.6
42483,00;450.1
42482,00;445.3
42481,00;449.3
42480,00;441.2
42479,00;434.9
42478,00;427.7
42477,00;426.3
42476,00;430.0
42475,00;428.7
42474,00;424.0
42473,00;423.5
42472,00;424.7
42471,00;421.4
42470,00;420.3
42469,00;418.0
42468,00;417.7
42467,00;420.1
42466,00;421.3
42465,00;422.1
42464,00;419.3
42463,00;419.1
42462,00;418.5
42461,00;415.6
42460,00;415.7
42459,00;412.4
42458,00;415.0
42457,00;422.2
42456,00;424.6
42455,00;416.5
42454,00;415.7
42453,00;414.7
42452,00;417.0
42451,00;416.2
42450,00;411.1
42449,00;411.5
42448,00;408.7
42447,00;408.2
42446,00;418.2
42445,00;415.9
42444,00;415.1
42443,00;414.3
42442,00;412.4
42441,00;410.4
42440,00;419.1
42439,00;415.8
42438,00;412.8
42437,00;411.9
42436,00;414.9
42435,00;406.0
42434,00;399.0
42433,00;409.5
42432,00;419.6
42431,00;425.4
42430,00;434.0
42429,00;436.2
42428,00;432.5
42427,00;431.3
42426,00;427.3
42425,00;423.5
42424,00;422.7
42423,00;419.9
42422,00;437.8
42421,00;437.9
42420,00;440.1
42419,00;420.0
42418,00;421.4
42417,00;417.1
42416,00;406.4
42415,00;401.1
42414,00;405.5
42413,00;390.1
42412,00;384.0
42411,00;379.5
42410,00;381.9
42409,00;375.3
42408,00;372.6
42407,00;377.9
42406,00;376.7
42405,00;386.5
42404,00;390.6
42403,00;368.0
42402,00;373.9
42401,00;372.2
42400,00;369.8
42399,00;377.8
42398,00;380.3
42397,00;379.7
42396,00;395.0
42395,00;389.8
42394,00;392.8
42393,00;402.1
42392,00;388.6
42391,00;382.6
42390,00;410.2
42389,00;414.6
42388,00;379.5
42387,00;384.4
42386,00;382.5
42385,00;385.0
42384,00;372.3
42383,00;429.1
42382,00;432.2
42381,00;445.0
42380,00;447.7
42379,00;446.2
42378,00;448.3
42377,00;452.9
42376,00;457.0
42375,00;430.8
42374,00;431.2
42373,00;433.3
42372,00;430.7
42371,00;433.7
42370,00;434.0
42369,00;430.0
42368,00;427.1
42367,00;431.9
42366,00;421.8
42365,00;422.4
42364,00;415.4
42363,00;454.0
42362,00;453.0
42361,00;442.4
42360,00;437.0
42359,00;437.6
42358,00;441.8
42357,00;461.2
42356,00;463.2
42355,00;455.5
42354,00;454.0
42353,00;462.6
42352,00;442.0
42351,00;434.7
42350,00;432.3
42349,00;449.8
42348,00;415.5
42347,00;416.0
42346,00;410.7
42345,00;394.3
42344,00;393.4
42343,00;386.7
42342,00;361.7
42341,00;360.3
42340,00;360.0
42339,00;361.8
42338,00;378.0
42337,00;370.8
42336,00;355.8
42335,00;359.5
42334,00;353.7
42333,00;327.5
42332,00;318.4
42331,00;322.1
42330,00;322.8
42329,00;324.7
42328,00;321.1
42327,00;325.0
42326,00;335.9
42325,00;333.9
42324,00;330.2
42323,00;317.5
42322,00;331.8
42321,00;333.8
42320,00;333.9
42319,00;304.7
42318,00;336.7
42317,00;380.2
42316,00;371.6
42315,00;385.1
42314,00;369.8
42313,00;382.7
42312,00;400.9
42311,00;396.5
42310,00;359.3
42309,00;323.0
42308,00;311.2
42307,00;327.1
42306,00;313.6
42305,00;303.5
42304,00;294.7
42303,00;285.1
42302,00;287.9
42301,00;282.6
42300,00;276.9
42299,00;274.4
42298,00;267.1
42297,00;269.8
42296,00;263.8
42295,00;261.7
42294,00;269.6
42293,00;262.9
42292,00;254.4
42291,00;252.3
42290,00;248.8
42289,00;245.4
42288,00;247.6
42287,00;245.4
42286,00;244.0
42285,00;242.6
42284,00;243.0
42283,00;246.1
42282,00;240.1
42281,00;238.3
42280,00;238.6
42279,00;236.7
42278,00;237.1
42277,00;235.9
42276,00;236.7
42275,00;238.9
42274,00;232.5
42273,00;234.3
42272,00;235.0
42271,00;233.8
42270,00;229.9
42269,00;230.0
42268,00;226.3
42267,00;231.1
42266,00;231.1
42265,00;232.2
42264,00;232.7
42263,00;228.6
42262,00;229.5
42261,00;229.9
42260,00;230.2
42259,00;235.6
42258,00;239.9
42257,00;238.1
42256,00;237.4
42255,00;243.2
42254,00;239.6
42253,00;239.9
42252,00;233.7
42251,00;230.3
42250,00;226.2
42249,00;228.6
42248,00;227.2
42247,00;229.5
42246,00;228.4
42245,00;228.5
42244,00;231.6
42243,00;222.7
42242,00;225.0
42241,00;220.5
42240,00;211.4
42239,00;226.8
42238,00;229.5
42237,00;232.4
42236,00;234.7
42235,00;226.0
42234,00;246.7
42233,00;257.1
42232,00;257.1
42231,00;260.5
42230,00;265.0
42229,00;263.4
42228,00;267.7
42227,00;269.0
42226,00;263.3
42225,00;263.9
42224,00;258.6
42223,00;277.9
42222,00;278.0
42221,00;281.7
42220,00;284.3
42219,00;281.6
42218,00;281.4
42217,00;280.5
42216,00;283.7
42215,00;287.0
42214,00;288.4
42213,00;293.7
42212,00;293.0
42211,00;291.8
42210,00;288.7
42209,00;288.4
42208,00;275.5
42207,00;276.5
42206,00;275.1
42205,00;277.7
42204,00;273.2
42203,00;274.0
42202,00;279.6
42201,00;276.6
42200,00;283.4
42199,00;287.0
42198,00;290.4
42197,00;310.4
42196,00;292.0
42195,00;283.6
42194,00;269.1
42193,00;268.6
42192,00;266.2
42191,00;269.1
42190,00;270.1
42189,00;260.5
42188,00;255.4
42187,00;254.9
42186,00;257.6
42185,00;264.1
42184,00;257.0
42183,00;248.9
42182,00;250.7
42181,00;242.9
42180,00;242.6
42179,00;240.6
42178,00;243.8
42177,00;247.5
42176,00;244.1
42175,00;245.0
42174,00;244.1
42173,00;248.4
42172,00;247.4
42171,00;249.8
42170,00;237.0
42169,00;233.8
42168,00;232.5
42167,00;230.5
42166,00;229.9
42165,00;228.8
42164,00;229.6
42163,00;228.6
42162,00;223.5
42161,00;224.7
42160,00;225.3
42159,00;224.2
42158,00;225.6
42157,00;225.7
42156,00;223.1
42155,00;229.8
42154,00;233.2
42153,00;237.0
42152,00;237.3
42151,00;237.3
42150,00;237.8
42149,00;237.4
42148,00;241.0
42147,00;238.9
42146,00;240.4
42145,00;235.4
42144,00;234.0
42143,00;232.0
42142,00;232.6
42141,00;236.3
42140,00;236.2
42139,00;237.2
42138,00;236.9
42137,00;236.4
42136,00;241.6
42135,00;241.8
42134,00;240.0
42133,00;241.4
42132,00;243.7
42131,00;237.7
42130,00;230.0
42129,00;235.8
42128,00;239.0
42127,00;240.0
42126,00;235.3
42125,00;233.2
42124,00;235.8
42123,00;225.4
42122,00;225.8
42121,00;229.0
42120,00;218.7
42119,00;226.1
42118,00;231.1
42117,00;235.4
42116,00;233.8
42115,00;233.7
42114,00;224.2
42113,00;223.0
42112,00;223.4
42111,00;222.6
42110,00;228.0
42109,00;223.0
42108,00;218.0
42107,00;223.6
42106,00;235.9
42105,00;236.5
42104,00;234.7
42103,00;243.3
42102,00;244.6
42101,00;253.0
42100,00;255.0
42099,00;259.6
42098,00;252.9
42097,00;254.5
42096,00;252.6
42095,00;246.2
42094,00;244.1
42093,00;246.8
42092,00;242.1
42091,00;252.0
42090,00;247.2
42089,00;248.0
42088,00;246.4
42087,00;246.7
42086,00;265.5
42085,00;268.6
42084,00;259.7
42083,00;261.8
42082,00;260.9
42081,00;255.9
42080,00;285.4
42079,00;290.4
42078,00;284.9
42077,00;281.6
42076,00;287.2
42075,00;293.9
42074,00;295.6
42073,00;291.4
42072,00;290.0
42071,00;274.5
42070,00;274.9
42069,00;272.6
42068,00;275.2
42067,00;271.9
42066,00;280.6
42065,00;273.8
42064,00;257.9
42063,00;254.1
42062,00;253.5
42061,00;236.5
42060,00;237.3
42059,00;238.9
42058,00;238.8
42057,00;235.7
42056,00;244.4
42055,00;244.5
42054,00;241.9
42053,00;235.2
42052,00;243.2
42051,00;235.8
42050,00;233.3
42049,00;258.6
42048,00;236.2
42047,00;221.8
42046,00;218.8
42045,00;219.7
42044,00;220.3
42043,00;223.7
42042,00;227.7
42041,00;223.0
42040,00;216.5
42039,00;226.6
42038,00;227.4
42037,00;238.9
42036,00;225.3
42035,00;218.5
42034,00;231.8
42033,00;234.0
42032,00;236.2
42031,00;263.3
42030,00;269.2
42029,00;252.1
42028,00;248.2
42027,00;232.2
42026,00;232.7
42025,00;228.2
42024,00;210.6
42023,00;215.9
42022,00;210.6
42021,00;199.6
42020,00;206.9
42019,00;209.8
42018,00;164.9
42017,00;221.3
42016,00;269.3
42015,00;264.8
42014,00;273.4
42013,00;288.0
42012,00;282.7
42011,00;291.3
42010,00;282.3
42009,00;274.8
42008,00;264.7
42007,00;287.1
42006,00;315.2
42005,00;314.9
42004,00;318.2
42003,00;311.3
42002,00;314.1
42001,00;316.5
42000,00;315.3
41999,00;330.0
41998,00;319.0
41997,00;322.4
41996,00;335.3
41995,00;330.8
41994,00;322.6
41993,00;330.4
41992,00;317.8
41991,00;310.3
41990,00;320.0
41989,00;330.2
41988,00;345.4
41987,00;349.4
41986,00;348.2
41985,00;353.4
41984,00;347.7
41983,00;347.9
41982,00;352.2
41981,00;365.0
41980,00;376.5
41979,00;376.3
41978,00;377.6
41977,00;369.8
41976,00;377.0
41975,00;380.6
41974,00;378.6
41973,00;374.9
41972,00;376.3
41971,00;377.6
41970,00;368.8
41969,00;365.4
41968,00;376.4
41967,00;378.9
41966,00;365.9
41965,00;352.0
41964,00;351.8
41963,00;357.3
41962,00;381.4
41961,00;379.2
41960,00;384.7
41959,00;385.6
41958,00;374.9
41957,00;396.5
41956,00;428.7
41955,00;432.0
41954,00;365.4
41953,00;367.1
41952,00;362.0
41951,00;343.5
41950,00;341.9
41949,00;347.7
41948,00;338.0
41947,00;328.0
41946,00;324.2
41945,00;322.5
41944,00;325.4
41943,00;337.9
41942,00;344.9
41941,00;335.1
41940,00;351.1
41939,00;350.1
41938,00;348.7
41937,00;346.7
41936,00;355.1
41935,00;355.8
41934,00;378.9
41933,00;382.4
41932,00;380.4
41931,00;387.3
41930,00;390.9
41929,00;380.5
41928,00;379.8
41927,00;393.2
41926,00;397.1
41925,00;387.3
41924,00;373.2
41923,00;361.2
41922,00;361.7
41921,00;360.9
41920,00;350.9
41919,00;331.6
41918,00;331.5
41917,00;322.9
41916,00;335.3
41915,00;363.5
41914,00;375.1
41913,00;382.8
41912,00;388.2
41911,00;376.8
41910,00;379.1
41909,00;399.0
41908,00;404.5
41907,00;412.3
41906,00;423.8
41905,00;436.9
41904,00;404.1
41903,00;401.6
41902,00;411.5
41901,00;397.7
41900,00;424.3
41899,00;461.1
41898,00;466.8
41897,00;477.7
41896,00;477.7
41895,00;478.2
41894,00;477.7
41893,00;478.5
41892,00;479.7
41891,00;474.9
41890,00;475.7
41889,00;485.8
41888,00;484.5
41887,00;483.6
41886,00;491.0
41885,00;480.0
41884,00;478.9
41883,00;477.2
41882,00;481.8
41881,00;506.0
41880,00;512.6
41879,00;510.8
41878,00;515.2
41877,00;512.6
41876,00;502.9
41875,00;509.7
41874,00;497.7
41873,00;516.1
41872,00;517.9
41871,00;516.8
41870,00;485.1
41869,00;462.2
41868,00;485.5
41867,00;522.0
41866,00;496.5
41865,00;504.8
41864,00;542.1
41863,00;567.7
41862,00;575.9
41861,00;592.1
41860,00;589.5
41859,00;595.8
41858,00;592.8
41857,00;589.8
41856,00;588.8
41855,00;592.8
41854,00;588.9
41853,00;591.7
41852,00;598.8
41851,00;589.5
41850,00;564.6
41849,00;585.8
41848,00;587.9
41847,00;595.0
41846,00;596.0
41845,00;600.5
41844,00;601.9
41843,00;621.7
41842,00;622.5
41841,00;625.1
41840,00;621.0
41839,00;627.0
41838,00;627.5
41837,00;626.6
41836,00;614.8
41835,00;619.6
41834,00;618.3
41833,00;628.0
41832,00;635.9
41831,00;632.9
41830,00;618.4
41829,00;623.0
41828,00;615.3
41827,00;613.6
41826,00;626.7
41825,00;623.0
41824,00;624.0
41823,00;638.0
41822,00;645.7
41821,00;643.2
41820,00;635.1
41819,00;601.1
41818,00;597.6
41817,00;602.2
41816,00;582.7
41815,00;568.5
41814,00;588.8
41813,00;591.2
41812,00;603.6
41811,00;597.0
41810,00;590.8
41809,00;600.2
41808,00;606.2
41807,00;605.1
41806,00;599.1
41805,00;582.3
41804,00;583.4
41803,00;610.3
41802,00;597.1
41801,00;643.0
41800,00;655.6
41799,00;644.3
41798,00;651.0
41797,00;651.7
41796,00;650.4
41795,00;660.2
41794,00;638.9
41793,00;669.4
41792,00;655.5
41791,00;649.8
41790,00;627.9
41789,00;612.3
41788,00;564.4
41787,00;570.8
41786,00;570.1
41785,00;582.0
41784,00;570.4
41783,00;520.5
41782,00;518.1
41781,00;515.4
41780,00;488.8
41779,00;484.6
41778,00;443.9
41777,00;450.1
41776,00;452.8
41775,00;453.6
41774,00;448.1
41773,00;442.6
41772,00;433.9
41771,00;438.2
41770,00;433.2
41769,00;451.9
41768,00;445.5
41767,00;441.1
41766,00;446.5
41765,00;432.2
41764,00;430.9
41763,00;436.0
41762,00;438.6
41761,00;453.7
41760,00;460.1
41759,00;445.6
41758,00;446.1
41757,00;441.9
41756,00;443.2
41755,00;457.9
41754,00;464.5
41753,00;500.3
41752,00;487.3
41751,00;487.9
41750,00;495.2
41749,00;498.5
41748,00;506.0
41747,00;485.5
41746,00;502.0
41745,00;537.0
41744,00;526.4
41743,00;478.4
41742,00;427.6
41741,00;437.6
41740,00;435.1
41739,00;384.6
41738,00;457.3
41737,00;466.6
41736,00;462.4
41735,00;455.7
41734,00;456.6
41733,00;444.4
41732,00;436.3
41731,00;424.4
41730,00;463.5
41729,00;444.7
41728,00;446.9
41727,00;477.1
41726,00;482.6
41725,00;460.5
41724,00;562.5
41723,00;562.9
41722,00;567.6
41721,00;551.2
41720,00;564.3
41719,00;549.6
41718,00;566.0
41717,00;595.0
41716,00;598.9
41715,00;606.4
41714,00;619.1
41713,00;624.0
41712,00;614.0
41711,00;625.0
41710,00;619.4
41709,00;608.7
41708,00;613.0
41707,00;627.0
41706,00;609.2
41705,00;616.7
41704,00;648.3
41703,00;658.3
41702,00;661.8
41701,00;662.2
41700,00;544.6
41699,00;557.4
41698,00;573.9
41697,00;596.5
41696,00;593.1
41695,00;135.8
41694,00;174.0
41693,00;310.2
41692,00;255.6
41691,00;111.6
41690,00;111.9
41689,00;261.5
41688,00;294.0
41687,00;272.3
41686,00;299.8
41685,00;371.1
41684,00;427.7
41683,00;451.4
41682,00;531.1
41681,00;579.0
41680,00;582.6
41679,00;659.6
41678,00;648.8
41677,00;695.7
41676,00;828.9
41675,00;904.5
41674,00;926.6
41673,00;931.7
41672,00;953.3
41671,00;940.4
41670,00;938.8
41669,00;941.4
41668,00;925.7
41667,00;932.7
41666,00;943.5
41665,00;1007.0
41664,00;961.0
41663,00;916.5
41662,00;944.2
41661,00;951.0
41660,00;962.2
41659,00;956.0
41658,00;954.8
41657,00;905.7
41656,00;894.2
41655,00;913.5
41654,00;941.2
41653,00;919.3
41652,00;922.9
41651,00;939.8
41650,00;1005.3
41649,00;957.8
41648,00;937.0
41647,00;938.8
41646,00;879.9
41645,00;1012.7
41644,00;1014.7
41643,00;924.7
41642,00;884.3
41641,00;856.9
41640,00;815.9
41639,00;805.9
41638,00;804.8
41637,00;785.0
41636,00;762.0
41635,00;803.0
41634,00;802.0
41633,00;707.3
41632,00;702.8
41631,00;713.2
41630,00;639.5
41629,00;640.5
41628,00;650.0
41627,00;732.0
41626,00;541.0
41625,00;715.0
41624,00;759.9
41623,00;919.9
41622,00;908.9
41621,00;936.8
41620,00;900.0
41619,00;919.9
41618,00;1033.7
41617,00;919.0
41616,00;804.0
41615,00;697.0
41614,00;845.0
41613,00;1106.3
41612,00;1237.6
41611,00;1154.9
41610,00;1096.6
41609,00;1004.4
41608,00;1205.7
41607,00;1206.9
41606,00;1101.4
41605,00;1079.9
41604,00;970.0
41603,00;830.0
41602,00;795.0
41601,00;832.5
41600,00;802.0
41599,00;764.9
41598,00;638.0
41597,00;645.7
41596,00;785.4
41595,00;528.3
41594,00;462.0
41593,00;433.9
41592,00;433.4
41591,00;434.9
41590,00;380.0
41589,00;363.0
41588,00;336.3
41587,00;367.8
41586,00;355.0
41585,00;309.6
41584,00;264.1
41583,00;251.3
41582,00;238.2
41581,00;224.0
41580,00;211.7
41579,00;213.4
41578,00;211.2
41577,00;208.0
41576,00;216.0
41575,00;206.9
41574,00;206.9
41573,00;188.6
41572,00;197.9
41571,00;207.0
41570,00;228.0
41569,00;203.0
41568,00;192.8
41567,00;186.1
41566,00;183.1
41565,00;168.3
41564,00;157.6
41563,00;152.8
41562,00;158.1
41561,00;151.4
41560,00;147.5
41559,00;142.9
41558,00;140.1
41557,00;140.4
41556,00;139.5
41555,00;136.5
41554,00;135.8
41553,00;137.8
41552,00;136.7
41551,00;136.8
41550,00;131.0
41549,00;123.0
41548,00;140.3
41547,00;141.9
41546,00;143.9
41545,00;142.5
41544,00;138.9
41543,00;137.1
41542,00;135.0
41541,00;134.8
41540,00;133.4
41539,00;134.0
41538,00;134.4
41537,00;133.8
41536,00;135.1
41535,00;140.4
41534,00;139.1
41533,00;139.4
41532,00;138.3
41531,00;136.7
41530,00;140.7
41529,00;139.4
41528,00;142.1
41527,00;132.6
41526,00;133.1
41525,00;126.3
41524,00;129.0
41523,00;121.9
41522,00;130.2
41521,00;132.5
41520,00;144.0
41519,00;144.0
41518,00;146.0
41517,00;141.0
41516,00;138.0
41515,00;129.3
41514,00;128.8
41513,00;131.3
41512,00;120.1
41511,00;122.1
41510,00;119.6
41509,00;118.5
41508,00;122.0
41507,00;123.3
41506,00;121.2
41505,00;118.5
41504,00;113.4
41503,00;112.8
41502,00;109.0
41501,00;110.0
41500,00;112.6
41499,00;109.6
41498,00;106.8
41497,00;105.0
41496,00;103.0
41495,00;102.8
41494,00;103.1
41493,00;106.0
41492,00;106.6
41491,00;106.7
41490,00;105.1
41489,00;104.9
41488,00;104.5
41487,00;104.0
41486,00;106.2
41485,00;108.0
41484,00;101.5
41483,00;98.8
41482,00;94.4
41481,00;96.0
41480,00;96.9
41479,00;95.1
41478,00;95.6
41477,00;91.6
41476,00;92.0
41475,00;89.8
41474,00;92.0
41473,00;90.1
41472,00;98.5
41471,00;97.1
41470,00;98.9
41469,00;94.4
41468,00;98.3
41467,00;94.0
41466,00;89.0
41465,00;88.0
41464,00;76.7
41463,00;76.0
41462,00;76.5
41461,00;69.7
41460,00;68.5
41459,00;80.0
41458,00;78.9
41457,00;90.4
41456,00;88.1
41455,00;97.5
41454,00;95.0
41453,00;94.7
41452,00;101.7
41451,00;104.0
41450,00;103.3
41449,00;102.1
41448,00;107.9
41447,00;108.2
41446,00;109.5
41445,00;111.3
41444,00;108.3
41443,00;107.3
41442,00;101.9
41441,00;99.9
41440,00;99.8
41439,00;100.0
41438,00;103.9
41437,00;108.8
41436,00;109.0
41435,00;106.3
41434,00;100.4
41433,00;107.9
41432,00;111.0
41431,00;119.0
41430,00;121.9
41429,00;121.4
41428,00;120.7
41427,00;122.5
41426,00;129.3
41425,00;128.8
41424,00;128.8
41423,00;132.3
41422,00;129.0
41421,00;129.8
41420,00;133.5
41419,00;132.0
41418,00;133.1
41417,00;126.3
41416,00;123.8
41415,00;122.9
41414,00;122.0
41413,00;122.5
41412,00;123.2
41411,00;123.5
41410,00;118.2
41409,00;114.2
41408,00;111.4
41407,00;118.0
41406,00;114.8
41405,00;115.6
41404,00;117.7
41403,00;112.8
41402,00;113.2
41401,00;109.6
41400,00;112.3
41399,00;116.0
41398,00;112.9
41397,00;98.1
41396,00;106.3
41395,00;116.4
41394,00;139.2
41393,00;144.0
41392,00;134.4
41391,00;128.0
41390,00;136.9
41389,00;141.7
41388,00;154.2
41387,00;143.5
41386,00;127.4
41385,00;119.2
41384,00;126.6
41383,00;118.5
41382,00;109.0
41381,00;93.1
41380,00;68.4
41379,00;82.4
41378,00;90.0
41377,00;93.0
41376,00;117.0
41375,00;124.9
41374,00;165.0
41373,00;230.0
41372,00;187.5
41371,00;162.3
41370,00;142.6
41369,00;142.3
41368,00;132.1
41367,00;135.0
41366,00;118.0
41365,00;104.0
41364,00;93.0
41363,00;92.2
41362,00;90.5
41361,00;86.2
41360,00;88.9
41359,00;78.5
41358,00;73.6
41357,00;71.5
41356,00;64.3
41355,00;69.9
41354,00;70.8
41353,00;64.5
41352,00;59.1
41351,00;51.6
41350,00;47.4
41349,00;47.0
41348,00;47.0
41347,00;47.2
41346,00;46.9
41345,00;44.3
41344,00;48.4
41343,00;46.0
41342,00;46.8
41341,00;44.2
41340,00;42.0
41339,00;41.0
41338,00;40.3
41337,00;36.2
41336,00;34.5
41335,00;34.3
41334,00;34.5
41333,00;33.4
41332,00;30.9
41331,00;31.1
41330,00;30.4
41329,00;29.9
41328,00;29.8
41327,00;30.3
41326,00;29.8
41325,00;29.6
41324,00;29.4
41323,00;27.0
41322,00;26.8
41321,00;27.2
41320,00;27.1
41319,00;27.2
41318,00;24.2
41317,00;25.2
41316,00;24.6
41315,00;24.0
41314,00;23.6
41313,00;22.7
41312,00;22.1
41311,00;21.2
41310,00;20.6
41309,00;20.4
41308,00;20.6
41307,00;19.6
41306,00;20.5
41305,00;20.4
41304,00;19.7
41303,00;19.5
41302,00;18.7
41301,00;17.8
41300,00;17.9
41299,00;17.4
41298,00;16.9
41297,00;17.5
41296,00;17.3
41295,00;16.8
41294,00;15.7
41293,00;15.6
41292,00;15.7
41291,00;15.5
41290,00;14.7
41289,00;14.3
41288,00;14.3
41287,00;14.1
41286,00;14.2
41285,00;14.1
41284,00;14.1
41283,00;13.8
41282,00;13.7
41281,00;13.6
41280,00;13.4
41279,00;13.4
41278,00;13.5
41277,00;13.4
41276,00;13.3
41275,00;13.3
41274,00;13.5
41273,00;13.4
41272,00;13.4
41271,00;13.4
41270,00;13.4
41269,00;13.5
41268,00;13.4
41267,00;13.4
41266,00;13.3
41265,00;13.4
41264,00;13.5
41263,00;13.5
41262,00;13.6
41261,00;13.3
41260,00;13.3
41259,00;13.3
41258,00;13.5
41257,00;13.6
41256,00;13.7
41255,00;13.7
41254,00;13.6
41253,00;13.4
41252,00;13.4
41251,00;13.4
41250,00;13.5
41249,00;13.3
41248,00;13.4
41247,00;13.4
41246,00;12.7
41245,00;12.5
41244,00;12.6
41243,00;12.6
41242,00;12.4
41241,00;12.4
41240,00;12.2
41239,00;12.3
41238,00;12.5
41237,00;12.4
41236,00;12.4
41235,00;12.4
41234,00;11.8
41233,00;11.7
41232,00;11.8
41231,00;11.6
41230,00;11.8
41229,00;11.8
41228,00;11.2
41227,00;10.9
41226,00;10.9
41225,00;11.0
41224,00;10.9
41223,00;10.9
41222,00;10.8
41221,00;10.9
41220,00;10.9
41219,00;10.9
41218,00;10.8
41217,00;10.8
41216,00;10.6
41215,00;10.5
41214,00;10.6
41213,00;11.2
41212,00;10.9
41211,00;10.6
41210,00;10.7
41209,00;10.3
41208,00;10.2
41207,00;10.9
41206,00;11.6
41205,00;11.6
41204,00;11.7
41203,00;11.6
41202,00;11.7
41201,00;11.7
41200,00;11.9
41199,00;11.8
41198,00;11.9
41197,00;11.8
41196,00;11.7
41195,00;11.9
41194,00;12.0
41193,00;12.0
41192,00;12.1
41191,00;11.9
41190,00;11.8
41189,00;11.8
41188,00;12.5
41187,00;12.7
41186,00;12.9
41185,00;12.9
41184,00;12.8
41183,00;12.4
41182,00;12.4
41181,00;12.4
41180,00;12.4
41179,00;12.3
41178,00;12.3
41177,00;12.2
41176,00;12.1
41175,00;12.2
41174,00;12.2
41173,00;12.4
41172,00;12.3
41171,00;12.6
41170,00;12.3
41169,00;11.9
41168,00;11.9
41167,00;11.8
41166,00;11.7
41165,00;11.4
41164,00;11.4
41163,00;11.3
41162,00;11.2
41161,00;11.0
41160,00;11.0
41159,00;11.0
41158,00;11.2
41157,00;11.0
41156,00;10.4
41155,00;10.5
41154,00;10.2
41153,00;10.0
41152,00;10.2
41151,00;10.8
41150,00;10.9
41149,00;10.9
41148,00;10.9
41147,00;10.6
41146,00;10.5
41145,00;10.6
41144,00;10.1
41143,00;9.8
41142,00;9.9
41141,00;10.1
41140,00;8.0
41139,00;11.6
41138,00;11.6
41137,00;13.5
41136,00;13.3
41135,00;12.2
41134,00;12.0
41133,00;11.6
41132,00;11.5
41131,00;11.4
41130,00;11.1
41129,00;11.1
41128,00;11.1
41127,00;10.9
41126,00;10.9
41125,00;11.0
41124,00;11.0
41123,00;10.5
41122,00;9.6
41121,00;9.4
41120,00;9.1
41119,00;8.7
41118,00;8.9
41117,00;8.9
41116,00;8.9
41115,00;8.8
41114,00;8.6
41113,00;8.4
41112,00;8.4
41111,00;8.9
41110,00;8.5
41109,00;8.9
41108,00;9.1
41107,00;8.8
41106,00;8.5
41105,00;7.6
41104,00;7.5
41103,00;7.7
41102,00;7.8
41101,00;7.2
41100,00;7.2
41099,00;7.0
41098,00;6.8
41097,00;6.8
41096,00;6.7
41095,00;6.7
41094,00;6.5
41093,00;6.4
41092,00;6.8
41091,00;6.6
41090,00;6.7
41089,00;6.7
41088,00;6.6
41087,00;6.7
41086,00;6.4
41085,00;6.3
41084,00;6.3
41083,00;6.4
41082,00;6.6
41081,00;6.7
41080,00;6.7
41079,00;6.5
41078,00;6.3
41077,00;6.2
41076,00;6.4
41075,00;6.5
41074,00;5.9
41073,00;5.9
41072,00;5.7
41071,00;5.6
41070,00;5.5
41069,00;5.6
41068,00;5.6
41067,00;5.6
41066,00;5.5
41065,00;5.4
41064,00;5.3
41063,00;5.2
41062,00;5.3
41061,00;5.3
41060,00;5.2
41059,00;5.1
41058,00;5.2
41057,00;5.1
41056,00;5.1
41055,00;5.1
41054,00;5.2
41053,00;5.1
41052,00;5.1
41051,00;5.1
41050,00;5.1
41049,00;5.1
41048,00;5.1
41047,00;5.1
41046,00;5.1
41045,00;5.1
41044,00;5.0
41043,00;5.0
41042,00;4.9
41041,00;4.9
41040,00;5.0
41039,00;4.8
41038,00;5.0
41037,00;5.1
41036,00;5.1
41035,00;5.1
41034,00;5.1
41033,00;5.1
41032,00;5.1
41031,00;5.1
41030,00;5.0
41029,00;4.9
41028,00;4.9
41027,00;5.0
41026,00;5.1
41025,00;5.1
41024,00;5.1
41023,00;5.1
41022,00;5.0
41021,00;5.2
41020,00;5.3
41019,00;5.3
41018,00;5.1
41017,00;5.1
41016,00;5.0
41015,00;4.9
41014,00;5.0
41013,00;5.0
41012,00;4.9
41011,00;4.9
41010,00;4.9
41009,00;4.8
41008,00;4.9
41007,00;4.8
41006,00;4.7
41005,00;4.9
41004,00;4.9
41003,00;4.9
41002,00;4.9
41001,00;5.0
41000,00;4.8
40999,00;4.9
40998,00;4.9
40997,00;4.8
40996,00;4.8
40995,00;4.8
40994,00;4.6
40993,00;4.6
40992,00;4.7
40991,00;4.7
40990,00;4.7
40989,00;4.8
40988,00;4.8
40987,00;4.7
40986,00;5.3
40985,00;5.2
40984,00;5.3
40983,00;5.3
40982,00;5.4
40981,00;5.3
40980,00;4.9
40979,00;4.9
40978,00;4.8
40977,00;4.9
40976,00;4.9
40975,00;4.9
40974,00;5.0
40973,00;5.0
40972,00;4.8
40971,00;4.6
40970,00;4.7
40969,00;4.9
40968,00;4.9
40967,00;4.9
40966,00;5.0
40965,00;4.9
40964,00;4.8
40963,00;5.0
40962,00;5.0
40961,00;4.4
40960,00;4.3
40959,00;4.4
40958,00;4.4
40957,00;4.2
40956,00;4.4
40955,00;4.3
40954,00;4.3
40953,00;4.5
40952,00;5.3
40951,00;5.5
40950,00;5.6
40949,00;5.9
40948,00;5.8
40947,00;5.6
40946,00;5.7
40945,00;5.4
40944,00;5.7
40943,00;5.9
40942,00;6.0
40941,00;6.1
40940,00;6.1
40939,00;5.5
40938,00;5.5
40937,00;5.4
40936,00;5.6
40935,00;5.3
40934,00;5.3
40933,00;5.8
40932,00;6.3
40931,00;6.4
40930,00;6.3
40929,00;6.2
40928,00;6.5
40927,00;6.4
40926,00;5.9
40925,00;5.6
40924,00;6.7
40923,00;7.0
40922,00;6.8
40921,00;6.4
40920,00;6.8
40919,00;6.9
40918,00;6.4
40917,00;6.3
40916,00;7.1
40915,00;6.8
40914,00;6.7
40913,00;6.9
40912,00;5.6
40911,00;4.9
40910,00;5.2
40909,00;5.3
